1,Daniel,Pasquier,1945-05-29,umaury@blanc.org,PE16 6RY,Y
2,Ella,Murphy,1990-09-28,nfox@butler.com,SG18 0HL,Y
3,Målfrid,Gulbrandsen,1956-04-27,barbro.nielsen@arnesen.biz,AL3 8RN,Y
4,Evelyn,Murray,1945-08-06,wayne.fox@hotmail.com,MK16 0FL,P
5,Kevin,Bode,1931-08-22,mertens.antonio@aol.de,SA5 4EA,Y
6,Caitlin,James,1982-07-14,tony.scott@gmail.co.uk,N5 1WP,Y
7,Mietta,Bellini,1973-10-11,mariapia.martinelli@messina.com,LE3 9LB,Y
8,Lindsay,Turner,1957-06-24,miller.carlie@bennett.com,NG34 9HJ,Y
9,Lubomír,Bartoňová,1953-02-21,vladimira.novackova@dankova.cz,LU3 1HQ,Y
10,Charlotte,Hall,1954-06-28,jane.clark@bailey.com,HD9 7ED,Y
11,Margaud,Marchand,1959-07-01,edith94@yahoo.fr,DE15 9DU,Y
12,Alan,Graham,1985-07-09,courtney60@jackson.com,HU7 4FE,Y
13,Anna,Solli,1991-02-28,agnieszka61@yahoo.com,BT15 3FB,P
14,Mia,Cooper,1943-12-28,cpowell@owen.com,PO35 5XS,Y
15,Heinz-Peter,Krämer,1953-09-18,vgeisler@rausch.com,BS24 7AH,Y
16,Grace,Lewis,1996-07-01,rose.faye@yahoo.co.uk,AL5 1SZ,Y
17,Piersilvio,Caputo,1965-01-08,plombardo@grassi.it,NE29 7BG,Y
18,Naomi,Morris,1941-06-11,stephanie50@scott.com,DE11 0SD,Y
19,Michael,Juřica,1958-05-15,milos.vlachova@atlas.cz,TF4 2NU,Y
20,Fred,Walker,1958-09-21,maisie.simpson@smith.co.uk,W6 7AN,Y
21,J,Guerin,1985-07-23,genevieve.lemaitre@free.fr,BS6 9HE,Y
22,Keeley,Robinson,1997-06-03,jones.imogen@gmail.co.uk,WD3 3LY,Y
23,Audun,Rønning,1985-03-27,etorgersen@saetre.biz,S70 5RT,P
24,Sienna,Jones,1948-01-04,Brandon-stevens@gmail.co.uk,S49 1YZ,Y
25,Gesine,Weiss,1976-02-17,hess.sandy@hotmail.de,CF23 0EL,N
26,Alex,Wright,1943-10-29,lindsay29@moore.net,WR1 2HZ,Y
27,Alessio,Marchetti,1969-06-03,silvestri.osea@yahoo.it,W1D 4PR,Y
28,Kyle,Russell,1982-01-19,KYLE.RUSSELL@ALL-CAPS.COM,S81 0HT,Y
29,Natálie,Hudec,1966-08-30,ales.kostalova@atlas.cz,IP7 5SS,Y
30,Ryan,Clark,1976-03-26,qhall@hughes.net,WA1 4PJ,Y
31,Thérèse,Pages,1943-04-30,emerle@prevost.fr,WV99 1TL,P
32,Lindsay,Johnson,1954-08-22,Khan-Grant@Wood.Com,SE23 3RG,Y
33,Kristina,Bjørnstad,1946-01-04,valter40@yahoo.com,NG17 4JY,Y
34,Lisa,Marshall,1946-03-18,graham.peter@gmail.com,BT35 7PB,Y
35,Olga,Kaufmann,1989-10-05,erich.brandl@ulrich.com,AB31 5ZD,P
36,Molly,Evans Pritchard,1978-10-13,kennedy.carole@yahoo.com,TD1 2BX,Y
37,Omar,Gentile,1954-08-13,marina08@yahoo.com,CO12 3SQ,Y
38,James,Summer,1945-01-19,lee98@walker.co.uk,BT47 2QQ,Y
39,Viktor,Dědková,1957-11-16,jana.marek@studnicka.net,SE23 3RG,Y
40,Theresa,Chapman,1988-10-14,hross@moore.biz,LE4 4JR,Y
41,Sylvie,Weber,1968-08-01,diane74@bouygtel.fr,GU7 9SD,P
42,Mandy,Hall,1947-09-14,wmorris@gmail.co.uk,PO4 8NU,Y
43,Reimar,Birkeland,1966-11-30,thenriksen@lorentzen.com,WF10 2AL,Y
44,Pete,Palmer,1980-01-13,fox.zachary@hotmail.com,WV99 1TL,Y
45,Käte,Mack,1975-05-26,eckhardt83@web.de,TR20 9RG,Y
46,Joshua,O’Neill,1929-03-10,bell.sophia@graham.com,NW6 9FA,Y
47,Romeo,Vitale,1970-08-01,gatti.cristyn@yahoo.it,GU1 2SB,Y
48,Max,Cox,1942-05-04,bethany.simpson@yahoo.co.uk,LE17 5PD,P
49,Radomír,Peřina,1946-04-07,spacilova.peter@atlas.cz,ME8 6QQ,Y
50,Jacob,Walker,1977-12-25,allen.alison@parker.com,N8 7AU,Y
51,Aurore,Lecomte,1946-08-08,francoise.pinto@free.fr,NG5 1JR,Y
52,Francesca,Stewart,1951-12-11,mia61@yahoo.com,G74 3LB,Y
53,Kjersti,Borge,1979-01-23,dhamre@vik.com,CA28 6HA,Y
54,Yvonne,Fox,1944-02-07,jross@hotmail.com,GU10 4HE,Y
55,Jonas,Merz,1993-04-02,wolfdieter20@brandt.de,W5 5PA,P
56,Holly,Cooper,1997-04-25,gary85@hotmail.com,M50 3TU,Y
57,Rosaria,Neri,1980-11-06,rosolino.barbieri@libero.it,G71 7PA,P
58,D’Arcy,Cooper,1986-06-26,arogers@gmail.co.uk,OX4 1GF,Y
59,Věra,Šíma,1937-05-16,koprivova.ruzena@seznam.cz,NG8 4EN,Y
60,Jason,Kelly,1998-03-23,rjones@khan.org,KA9 2RN,Y
61,Daniel,De Sousa,1941-02-13,tlaroche@voila.fr,WV5 9BS,Y
62,Candice,Stevens,1998-05-13,kelly48@davis.com,BH11 9NE,Y
63,Heidi,Haga,1947-01-28,berntsen.amelie@yahoo.com,HU12 8HG,Y
64,Martin,Hall,1932-08-17,jennifer.cox@harrison.com,RG14 2EL,Y
65,Gottlieb,Geißler,1938-07-10,chess@reich.org,KA7 1TH,Y
66,Lewis,Patel,1933-12-29,mbennett@yahoo.com,CO9 3JZ,Y
67,Ian,D’Amore,1963-12-14,lazzaro.rinaldi@hotmail.com,TN12 9PU,Y
68,Leah,Holmes,1941-09-17,maria.powell@gmail.co.uk,PL2 2DD,Y
69,Věra,Morávek,1943-06-24,evokounova@yahoo.com,DL15 8GH,Y
70,Kirsten,Murray,1967-12-03,lee.neil@yahoo.com,NP16 6QT,Y
71,Dominique,Garcia,1969-10-17,gomez.constance@bouvier.fr,IP7 5SS,Y
72,Reece,Mason,1935-07-11,jmartin@yahoo.co.uk,RH9 8DR,Y
73,Pat,St Amour,1937-10-23,halvorsen.edle@rasmussen.org,CF39 0LH,P
74,Jonathan,Wood,1961-06-10,scott.kelly@gmail.com,S35 4FX,P
75,Sabrina,Lindemann,1996-06-09,hein.sebastian@springer.com,BA15 2QE,Y
76,Teagan,Kennedy,1934-09-22,lucy94@davies.com,PO8 0LJ,Y
77,Silverio,Cattaneo,1983-10-24,mirco.rinaldi@testa.com,ME14 4NL,P
78,Neil,Green,1972-08-15,wilkinson.karen@hill.org,RG14 2EL,Y
79,Daniel,Jaklová,1991-06-15,koudelova.radek@atlas.cz,SA6 6DH,Y
80,Sofia,Bell,1976-10-29,connor29@ellis.org,CV8 1LS,Y
81,Marc,Gauthier,1968-02-08,grenier.georges@vallee.com,SG5 3JJ,Y
82,Mason,Harris,1979-05-26,robinson.jordan@bell.info,CW5 6QF,Y
83,Abel,Amundsen,1997-12-13,bsolberg@tangen.com,BT5 5ED,P
84,Philip,Jones,1997-06-26,sophia.morris@saunders.org,CW5 6DY,Y
85,Anastasia,Singer,1936-02-16,wmoll@gmx.de,L38 9EB,Y
86,Amber,Talebulamainavaleniveivakabulaimainakulalakebalau,1967-02-27,matilda.owen@hotmail.co.uk,NR34 9ET,P
87,Baldassarre,Barbieri,1974-03-26,nmariani@hotmail.com,12005-234,Y
88,Max,Kennedy,1954-01-15,kennedy.ken@gmail.com,TW4 7JP,Y
89,Emil,Hrdličková,1940-01-27,milada.matulova@atlas.cz,GL53 7EN,Y
90,Brandon,Jackson,1965-02-02,ross.sally@gmail.co.uk,ST14 5JJ,Y
91,Victoire,Jacob,1950-09-17,picard.dorothee@hotmail.fr,CH63 4JT,Y
92,Muhammad,Wilkinson,1961-10-15,sophie.clark@phillips.com,S70 4DN,P
93,Anke,Wold,1952-06-27,asad91@arnesen.com,FK8 1LD,Y
94,Isabel,Wilson,1992-02-23,andrew.russell@gmail.co.uk,GU7 9SD,Y
95,Cornelius,Wolfeschlegelsteinhausenbergerdorff,1951-03-03,fberger@kopp.de,IV2 5EG,Y
96,Elliott,Richards,1933-07-22,rmarshall@james.com,B27 6SF,Y
97,Sebastian,Amato,1966-01-14,sala.aroldo@sartori.com,PO14 4NH,Y
98,Ridiculouslylong Name,Cox,1950-05-07,suzanne.king@hotmail.com,LS25 2AY,P
99,Jindřiška,Berky,1930-05-09,gstefan@atlas.cz,PE25 2RA,Y
100,Archie,Hunt,1938-10-10,roberts.jordan@hotmail.co.uk,NE63 8EL,Y